"Timestamp","Username","Name of Student","College name","Duration of internship","College Location","Phone Number","Technology","Location Of Internship","Preferable Dates for Internship"
"2018/03/07 1:01:35 PM GMT","sushmithatammineedi@gmail.com","Susmitha Tammineedi ","Gitam school of technology ","One month;45 days","Rudraram","7032921206","Big Data","Hyderabad","2018-05-10"
"2018/03/07 2:19:42 PM GMT","nikhilav98@gmail.com","Vemulapalli sainikhila","Gitam deemed to be university","45 days","Rudraram village, patancheru mandal,medak dist.502329","9701399097","Java","Hyderabad","2018-04-18"
"2018/03/08 2:46:34 AM GMT","shreyasudheerk@gmail.com","Shreya Sudheer K","GITAM","One month","Hyderabad","9550012762","Big Data","Hyderabad","2018-05-01"
"2018/03/08 11:08:13 AM GMT","balasarvani77@gmail.com","E BALA SARVANI ","GITAM DEEMED TO BE UNIVERSITY ","45 days","PATANCHERU ","9701437788","Big Data","Hyderabad","2018-04-16"
"2018/03/13 6:15:17 PM GMT","radhikareddy482@gmail.com","M.Radhika","Gitam(Deemed-to-be University)","One month;45 days","Patancheru,rudraram,medak district-502329","9100545466","Java","Hyderabad","2018-05-01"
"2018/03/13 6:17:36 PM GMT","sairatnadeep@yahoo.com","KANDALA VENKATA PHANI SAI RATNADEEP","GITAM DEEMED to be UNIVERSITY ","One month","Hyderabad ","07731005010","Database Server","Hyderabad","2018-05-01"
"2018/03/13 6:19:03 PM GMT","gkarthikredddy13@gmail.com","G Karthikeya Reddy","GITAM school of technology","45 days","Hyderabad","9618795353","Java","Hyderabad","2018-04-25"
"2018/03/13 6:40:09 PM GMT","rishithamuddana@gmail.com","Rishitha","Gitam University","45 days","Rudraram","9704399961","Python","Hyderabad","2018-04-20"
"2018/03/13 11:47:51 PM GMT","laxmimanogna21@gmail.com","Chennam Laxmi Manogna","Gitam school of technology ","One month;45 days","Patancheruvu, sanga reddy (Hyderabad) ","9014581663","Html","Hyderabad","2018-04-17"
"2018/03/14 1:00:47 AM GMT","chandu.sai995@gmail.com","Sai chandu","Gitam","One month","Rudraram","8121174743","Java","Hyderabad","2018-05-02"
"2018/03/15 12:39:44 PM GMT","ksriram225@gmail.com","Kommu Sriram","GITAM University ","One month","Rudraram","9640103330","Html","Hyderabad","2018-04-20"
"2018/03/20 9:29:03 AM GMT","phanindra127@gmail.com","Phanindra Yadav","Gitam university","One month","Hyderabad","07729992259","Java","Hyderabad","2018-04-23"
"2018/03/21 7:54:40 AM GMT","kamalbikshuth3792@gmail.com","J.Kamal Bikshuth","Gitam University","45 days","Hyderbad","9912044175","Big Data","Hyderabad","2018-04-30"
"2018/03/22 1:46:19 PM GMT","aneez.mohmd@gmail.com","R.mohammed aneez","GITAM UNIVERSITY ","45 days","HYDERABAD","9515568861","Html","Hyderabad","2018-04-23"
"2018/03/22 4:05:20 PM GMT","charanchaudhary.m@gmail.com","Charan Chowdary","GITAM University,hyderabad campus","One month","Hyderabad","7901006585","Html","Hyderabad","2018-04-17"
"2018/03/24 1:21:30 PM GMT","saisanju28@gmail.com","PURAM SAI SANJU REDDY","GITAM DEEMED TO BE UNIVERSITY","One month","HYDERABAD","8074162316","Big Data","Hyderabad","2018-05-01"
"2018/03/31 11:34:44 AM GMT","vikhyathrai2608@gmail.com","Vikhyath Rai","GITAM Hyderabad","One month","Hyderabad","9849204269","Python","Hyderabad","2018-05-01"
"2018/04/27 2:10:05 AM GMT","chakritimmagi@gmail.com","T SRI CHAKRA RAGHAVAN","GITAM HYDERABAD","One month","Hyderabad","9032047621","Angular JS","Hyderabad","2018-05-01"
"2018/04/28 7:59:23 AM GMT","tj.damineni@gmail.com","Teja Damineni","GITAM","One month","Hyderabad ","7989103893","Database Server","Hyderabad","2018-05-15"